title,director,genre_1,genre_2,actors,movie_release,average_rating,top_reviewer,top_review_rating,top_review_text,poster_url,release_date
Barbie,Greta Gerwig,Comedy,Adventure,Margot Robbie,2023,3.8,bimbim,5.0,s(he's) bro(ken),https://a.ltrbxd.com/resized/film-poster/2/7/7/0/6/4/277064-barbie-0-230-0-345-crop.jpg?v=1b83dc7a71,2024-12-02
Barbie,Greta Gerwig,Comedy,Adventure,Margot Robbie,2023,3.8,aksel,5.0,can someone please check on Allan im afraid heâ€™s gonna kill himself,https://a.ltrbxd.com/resized/film-poster/2/7/7/0/6/4/277064-barbie-0-230-0-345-crop.jpg?v=1b83dc7a71,2024-12-02
Parasite,Bong Joon-ho,Comedy,Thriller,Song Kang-ho,2019,4.6,Matt Singer,0.0,Another Bong hit.,https://a.ltrbxd.com/resized/film-poster/4/2/6/4/0/6/426406-parasite-0-230-0-345-crop.jpg?v=8f5653f710,2024-12-03
Fight Club,David Fincher,Drama,,Edward Norton,1999,4.3,sree,5.0,fellas it IS gay,https://a.ltrbxd.com/resized/film-poster/5/1/5/6/8/51568-fight-club-0-230-0-345-crop.jpg?v=768b32dfa4,2024-12-04
Everything Everywhere All at Once,Daniel Scheinert,Science Fiction,Adventure,Michelle Yeoh,2022,4.3,Karsten,4.0,easily one of the top 5 movies about taxes,https://a.ltrbxd.com/resized/film-poster/4/7/4/4/7/4/474474-everything-everywhere-all-at-once-0-230-0-345-crop.jpg?v=281f1a041e,2024-12-05
Everything Everywhere All at Once,Daniel Scheinert,Science Fiction,Adventure,Michelle Yeoh,2022,4.3,CosmonautMarkie,5.0,Watch it and have fun before film Twitter tells you itâ€™s overrated,https://a.ltrbxd.com/resized/film-poster/4/7/4/4/7/4/474474-everything-everywhere-all-at-once-0-230-0-345-crop.jpg?v=281f1a041e,2024-12-05
Everything Everywhere All at Once,Daniel Scheinert,Science Fiction,Adventure,Michelle Yeoh,2022,4.3,ian,4.5,rocks just made me cry,https://a.ltrbxd.com/resized/film-poster/4/7/4/4/7/4/474474-everything-everywhere-all-at-once-0-230-0-345-crop.jpg?v=281f1a041e,2024-12-05
La La Land,Damien Chazelle,Drama,Comedy,Ryan Gosling,2016,4.1,Lucy,5.0,this cured my depression and brought it back full force in the span of 2 hours,https://a.ltrbxd.com/resized/film-poster/2/4/0/3/4/4/240344-la-la-land-0-230-0-345-crop.jpg?v=053670ff84,2024-12-06
La La Land,Damien Chazelle,Drama,Comedy,Ryan Gosling,2016,4.1,Karsten,4.5,Love this movie more than I love myself,https://a.ltrbxd.com/resized/film-poster/2/4/0/3/4/4/240344-la-la-land-0-230-0-345-crop.jpg?v=053670ff84,2024-12-06
La La Land,Damien Chazelle,Drama,Comedy,Ryan Gosling,2016,4.1,Sam Van Hallgren,5.0,I've taken all of your criticisms into account and have determined that you're all wrong.,https://a.ltrbxd.com/resized/film-poster/2/4/0/3/4/4/240344-la-la-land-0-230-0-345-crop.jpg?v=053670ff84,2024-12-06
Interstellar,Christopher Nolan,Science Fiction,Drama,Matthew McConaughey,2014,4.4,<3,5.0,tell me you wouldn't cry too if your son grows up to be casey affleck,https://a.ltrbxd.com/resized/film-poster/1/1/7/6/2/1/117621-interstellar-0-230-0-345-crop.jpg?v=7ad89e6666,2024-12-07
Interstellar,Christopher Nolan,Science Fiction,Drama,Matthew McConaughey,2014,4.4,Evan,5.0,"Oh. My. God.
I have a headache, but it's the best headache I've ever had.",https://a.ltrbxd.com/resized/film-poster/1/1/7/6/2/1/117621-interstellar-0-230-0-345-crop.jpg?v=7ad89e6666,2024-12-07
Interstellar,Christopher Nolan,Science Fiction,Drama,Matthew McConaughey,2014,4.4,siobhan,4.0,watched on my 13 inch macbook air just as christopher nolan intended <3,https://a.ltrbxd.com/resized/film-poster/1/1/7/6/2/1/117621-interstellar-0-230-0-345-crop.jpg?v=7ad89e6666,2024-12-07
Oppenheimer,Christopher Nolan,History,Drama,Cillian Murphy,2023,4.2,justinwuah,5.0,"watching this after i just watched barbie, call me atomic blonde",https://a.ltrbxd.com/resized/film-poster/7/8/4/3/2/8/784328-oppenheimer-0-230-0-345-crop.jpg?v=e3c6e7a32c,2024-12-08
Oppenheimer,Christopher Nolan,History,Drama,Cillian Murphy,2023,4.2,George Carmi,5.0,"A ridiculous achievement in filmmaking. An absurdly immersive and heart-pounding experience. Cillian Murphy is a fucking stud and RDJ will be a front-runner for Best Supporting Actor. Ludwig GÃ¶ransson put his entire nutsack into that score, coupled with a sound design that made me feel like I took a bomb to the chest.",https://a.ltrbxd.com/resized/film-poster/7/8/4/3/2/8/784328-oppenheimer-0-230-0-345-crop.jpg?v=e3c6e7a32c,2024-12-08
Oppenheimer,Christopher Nolan,History,Drama,Cillian Murphy,2023,4.2,ð–¨†,5.0,Why did Nolan tease JFK like the joker card from Batman Begins,https://a.ltrbxd.com/resized/film-poster/7/8/4/3/2/8/784328-oppenheimer-0-230-0-345-crop.jpg?v=e3c6e7a32c,2024-12-08
Joker,Todd Phillips,Crime,Drama,Joaquin Phoenix,2019,3.8,Joao,1.0,if youâ€™ve never swam in the ocean then of course a pool seems deep.,https://a.ltrbxd.com/resized/film-poster/4/0/6/7/7/5/406775-joker-0-230-0-345-crop.jpg?v=e4ea7f98cc,2024-12-09
Pulp Fiction,Quentin Tarantino,Crime,Thriller,John Travolta,1994,4.3,kas17,3.0,a good movie but god imagine my fucking disappointment when i found out the movie wasn't all about mia wallace nobody cares about you bruce willis,https://a.ltrbxd.com/resized/film-poster/5/1/4/4/4/51444-pulp-fiction-0-230-0-345-crop.jpg?v=dee19a8077,2024-12-10
Pulp Fiction,Quentin Tarantino,Crime,Thriller,John Travolta,1994,4.3,Jay,4.0,"mmm, this is a tasty burger! vincent, you ever had a travis scott burger?",https://a.ltrbxd.com/resized/film-poster/5/1/4/4/4/51444-pulp-fiction-0-230-0-345-crop.jpg?v=dee19a8077,2024-12-10
Whiplash,Damien Chazelle,Drama,Music,Miles Teller,2014,4.4,mommy longlegs,5.0,i had a dream that j.k. simmons yelled at me and i woke up crying,https://a.ltrbxd.com/resized/sm/upload/cl/dn/kr/f1/4C9LHDxMsoYI0S3iMPZdm3Oevwo-0-230-0-345-crop.jpg?v=d13ea36528,2024-12-11
Whiplash,Damien Chazelle,Drama,Music,Miles Teller,2014,4.4,Lucy,5.0,FUCK OFF JOHNNY UTAH TURN MY PAGES B I T C H,https://a.ltrbxd.com/resized/sm/upload/cl/dn/kr/f1/4C9LHDxMsoYI0S3iMPZdm3Oevwo-0-230-0-345-crop.jpg?v=d13ea36528,2024-12-11
Whiplash,Damien Chazelle,Drama,Music,Miles Teller,2014,4.4,Karsten,5.0,this is a flick about how you get better at things when you stop wearing v-necks,https://a.ltrbxd.com/resized/sm/upload/cl/dn/kr/f1/4C9LHDxMsoYI0S3iMPZdm3Oevwo-0-230-0-345-crop.jpg?v=d13ea36528,2024-12-11
Dune,Denis Villeneuve,Science Fiction,Adventure,TimothÃ©e Chalamet,2021,3.9,Karsten,4.5,got the 4D experience by forgetting to drink water today and watching this extremely dehydrated,https://a.ltrbxd.com/resized/sm/upload/nx/8b/vs/gc/cDbNAY0KM84cxXhmj8f0dLWza3t-0-230-0-345-crop.jpg?v=49eed12751,2024-12-12
Dune,Denis Villeneuve,Science Fiction,Adventure,TimothÃ©e Chalamet,2021,3.9,cookie,2.5,not bad if u ever just feel like staring at the color orange and not feeling a single emotion for two and a half hours,https://a.ltrbxd.com/resized/sm/upload/nx/8b/vs/gc/cDbNAY0KM84cxXhmj8f0dLWza3t-0-230-0-345-crop.jpg?v=49eed12751,2024-12-12
Spider-Man: Into the Spider-Verse,Bob Persichetti,Adventure,Animation,Shameik Moore,2018,4.4,Ralph,5.0,"The best spider-man film. Beyond being funny, creative, and wonderfully animated, it truly has an understanding of the character of Spider-Man.",https://a.ltrbxd.com/resized/film-poster/2/5/1/9/4/3/251943-spider-man-into-the-spider-verse-0-230-0-345-crop.jpg?v=538fe0ada6,2024-12-14
Spider-Man: Into the Spider-Verse,Bob Persichetti,Adventure,Animation,Shameik Moore,2018,4.4,siobhan,5.0,not to be dramatic but the animation is SO fuckin nice i want to liquify it and inject it into my veins heroin-style,https://a.ltrbxd.com/resized/film-poster/2/5/1/9/4/3/251943-spider-man-into-the-spider-verse-0-230-0-345-crop.jpg?v=538fe0ada6,2024-12-14
Spider-Man: Into the Spider-Verse,Bob Persichetti,Adventure,Animation,Shameik Moore,2018,4.4,IHE,5.0,Best Spider-man movie without question.,https://a.ltrbxd.com/resized/film-poster/2/5/1/9/4/3/251943-spider-man-into-the-spider-verse-0-230-0-345-crop.jpg?v=538fe0ada6,2024-12-14
Midsommar,Ari Aster,Mystery,Drama,Florence Pugh,2019,3.8,andrea,5.0,i am SO glad ari aster clearly never went to therapy,https://a.ltrbxd.com/resized/film-poster/4/5/9/5/6/4/459564-midsommar-0-230-0-345-crop.jpg?v=ed7b8ded1f,2024-12-15
The Batman,Matt Reeves,Crime,Mystery,Robert Pattinson,2022,4.0,Patrick Willems,4.0,Thereâ€™s a lot of talk about how this is the sexiest Batman or the most emo Batman. Whatâ€™s more important is that this is finally a Batman who sits down and looks for clues in a big stack of dusty old files,https://a.ltrbxd.com/resized/film-poster/3/4/8/9/1/4/348914-the-batman-0-230-0-345-crop.jpg?v=ec12a8b7ce,2024-12-16
The Batman,Matt Reeves,Crime,Mystery,Robert Pattinson,2022,4.0,matt lynch,4.0,"The movie version of the ""men will literally X instead of going to therapy"" meme.",https://a.ltrbxd.com/resized/film-poster/3/4/8/9/1/4/348914-the-batman-0-230-0-345-crop.jpg?v=ec12a8b7ce,2024-12-16
Knives Out,Rian Johnson,Mystery,Comedy,Daniel Craig,2019,4.0,Patrick Willems,4.0,A movie as good as its sweaters (the sweaters are excellent),https://a.ltrbxd.com/resized/film-poster/4/7/5/3/7/0/475370-knives-out-0-230-0-345-crop.jpg?v=7da76d742c,2024-12-17
Knives Out,Rian Johnson,Mystery,Comedy,Daniel Craig,2019,4.0,sree,4.0,a really great who donut film,https://a.ltrbxd.com/resized/film-poster/4/7/5/3/7/0/475370-knives-out-0-230-0-345-crop.jpg?v=7da76d742c,2024-12-17
The Truman Show,Peter Weir,Comedy,Drama,Jim Carrey,1998,4.2,shay,5.0,if i lived in a town where everyone looked like a republican i'd wanna leave too,https://a.ltrbxd.com/resized/sm/upload/xx/io/jp/45/the-truman-show-0-230-0-345-crop.jpg?v=704ba393f7,2024-12-18
The Truman Show,Peter Weir,Comedy,Drama,Jim Carrey,1998,4.2,James (Schaffrillas),5.0,The most fun and lighthearted horror movie ever made,https://a.ltrbxd.com/resized/sm/upload/xx/io/jp/45/the-truman-show-0-230-0-345-crop.jpg?v=704ba393f7,2024-12-18
The Truman Show,Peter Weir,Comedy,Drama,Jim Carrey,1998,4.2,adambolt,4.5,worried for the guy taking the longest bath of all time,https://a.ltrbxd.com/resized/sm/upload/xx/io/jp/45/the-truman-show-0-230-0-345-crop.jpg?v=704ba393f7,2024-12-18
The Dark Knight,Christopher Nolan,Action,Drama,Christian Bale,2008,4.5,cinemaclðŸŽƒwn,5.0,"If you do not like this movie, I do not like you.",https://a.ltrbxd.com/resized/sm/upload/78/y5/zg/ej/oefdD26aey8GPdx7Rm45PNncJdU-0-230-0-345-crop.jpg?v=2d0ce4be25,2024-12-19
The Dark Knight,Christopher Nolan,Action,Drama,Christian Bale,2008,4.5,Lucy,5.0,the best superhero movie ever made. period,https://a.ltrbxd.com/resized/sm/upload/78/y5/zg/ej/oefdD26aey8GPdx7Rm45PNncJdU-0-230-0-345-crop.jpg?v=2d0ce4be25,2024-12-19
The Dark Knight,Christopher Nolan,Action,Drama,Christian Bale,2008,4.5,Lucy,5.0,has no right to still be this good,https://a.ltrbxd.com/resized/sm/upload/78/y5/zg/ej/oefdD26aey8GPdx7Rm45PNncJdU-0-230-0-345-crop.jpg?v=2d0ce4be25,2024-12-19
Inception,Christopher Nolan,Action,Adventure,Leonardo DiCaprio,2010,4.2,ksenija,4.5,christopher nolan spent years writing this movie's complex plot and really named the main character dom cobb,https://a.ltrbxd.com/resized/sm/upload/sv/95/s9/4j/inception-0-230-0-345-crop.jpg?v=30d7224316,2024-12-20
Inception,Christopher Nolan,Action,Adventure,Leonardo DiCaprio,2010,4.2,kirst,4.0,"fellas, is it gay to go inside ur bros dreams?",https://a.ltrbxd.com/resized/sm/upload/sv/95/s9/4j/inception-0-230-0-345-crop.jpg?v=30d7224316,2024-12-20
Saltburn,Emerald Fennell,Comedy,Drama,Barry Keoghan,2023,3.4,zoÃ« rose bryant,4.5,a movie about how jacob elordi is simply so fucking hot that his mere existence is enough to make someone legally insane,https://a.ltrbxd.com/resized/film-poster/8/3/5/7/7/4/835774-saltburn-0-230-0-345-crop.jpg?v=b58cbd3b08,2024-12-21
Saltburn,Emerald Fennell,Comedy,Drama,Barry Keoghan,2023,3.4,jeaba,3.5,sometimes you just have to bottom your way to the top,https://a.ltrbxd.com/resized/film-poster/8/3/5/7/7/4/835774-saltburn-0-230-0-345-crop.jpg?v=b58cbd3b08,2024-12-21
Poor Things,Yorgos Lanthimos,Romance,Science Fiction,Emma Stone,2023,4.0,Lara,4.5,barbie (2023) but for mentally ill people,https://a.ltrbxd.com/resized/film-poster/7/1/0/3/5/2/710352-poor-things-0-230-0-345-crop.jpg?v=a0f2ee9a0e,2024-12-22
Poor Things,Yorgos Lanthimos,Romance,Science Fiction,Emma Stone,2023,4.0,ash,4.5,"Bella, where the hell have you been, loca?",https://a.ltrbxd.com/resized/film-poster/7/1/0/3/5/2/710352-poor-things-0-230-0-345-crop.jpg?v=a0f2ee9a0e,2024-12-22
Poor Things,Yorgos Lanthimos,Romance,Science Fiction,Emma Stone,2023,4.0,â€®ðŸŒâ€¬,4.5,they hate to see a bitch with childlike wonder,https://a.ltrbxd.com/resized/film-poster/7/1/0/3/5/2/710352-poor-things-0-230-0-345-crop.jpg?v=a0f2ee9a0e,2024-12-22
Spider-Man: Across the Spider-Verse,Justin K. Thompson,Animation,Adventure,Shameik Moore,2023,4.4,Karsten,0.0,â€œmy holes can take me anywhereâ€,https://a.ltrbxd.com/resized/film-poster/4/9/7/6/3/1/497631-spider-man-across-the-spider-verse-0-230-0-345-crop.jpg?v=f2acbf1b8a,2024-12-23
Spider-Man: Across the Spider-Verse,Justin K. Thompson,Animation,Adventure,Shameik Moore,2023,4.4,demi adejuyigbe,5.0,"one of the most overwhelming viewing experiences of my life, compounded by my inability (refusal) to pee for about 100 minutes. outstanding. another banger for the canon of guys who love to loudly recognize something (e.g. â€œthatâ€™s spider-man, from spider-manâ€)
edit: whoops almost forgot to add a very important note: if u look like rio morales, dm meâ€¦â€¦.",https://a.ltrbxd.com/resized/film-poster/4/9/7/6/3/1/497631-spider-man-across-the-spider-verse-0-230-0-345-crop.jpg?v=f2acbf1b8a,2024-12-23
Spider-Man: Across the Spider-Verse,Justin K. Thompson,Animation,Adventure,Shameik Moore,2023,4.4,James (Schaffrillas),4.5,This is gonna be so lit when I can watch it at 0.75x speed with subtitles,https://a.ltrbxd.com/resized/film-poster/4/9/7/6/3/1/497631-spider-man-across-the-spider-verse-0-230-0-345-crop.jpg?v=f2acbf1b8a,2024-12-23
American Psycho,Mary Harron,Crime,Thriller,Christian Bale,2000,3.8,lauren,4.0,"yes patrick bateman is an awful, terrible person who kills people but do you know what he doesn't do? let his friends get away with making anti-semitic statements",https://a.ltrbxd.com/resized/sm/upload/5b/u9/av/il/ecoY7zJL6Ub3URP1oPhPfGflEjV-0-230-0-345-crop.jpg?v=8126850315,2024-12-24
American Psycho,Mary Harron,Crime,Thriller,Christian Bale,2000,3.8,Riley ðŸ©¸,4.0,patrick batemanâ€™s horrified reaction when he saw his collagueâ€™s business card and said â€œit even has a watermarkâ€ was the most dramatic moment in cinematic history,https://a.ltrbxd.com/resized/sm/upload/5b/u9/av/il/ecoY7zJL6Ub3URP1oPhPfGflEjV-0-230-0-345-crop.jpg?v=8126850315,2024-12-24
Eternal Sunshine of the Spotless Mind,Michel Gondry,Science Fiction,Romance,Jim Carrey,2004,4.2,Karsten,4.5,this also happened when i dyed my hair,https://a.ltrbxd.com/resized/sm/upload/ay/bp/kl/1y/uBfQ7IGpi0jXSP3GPCzp9Pzm10v-0-230-0-345-crop.jpg?v=116621c401,2024-12-25
Eternal Sunshine of the Spotless Mind,Michel Gondry,Science Fiction,Romance,Jim Carrey,2004,4.2,James (Schaffrillas),4.5,Wish I could erase this film from my mind just so I can watch it for the first time all over again,https://a.ltrbxd.com/resized/sm/upload/ay/bp/kl/1y/uBfQ7IGpi0jXSP3GPCzp9Pzm10v-0-230-0-345-crop.jpg?v=116621c401,2024-12-25
Lady Bird,Greta Gerwig,Comedy,Drama,Saoirse Ronan,2017,3.8,Matt Singer,5.0,Two names. Two boyfriends. Two best friends. Two semesters. Two school plays. Two dances. Two parties. Two distinct relationships with her parents. Two potential colleges. Two churches. And a hundred million kajillion tears for the scene at the airport.,https://a.ltrbxd.com/resized/film-poster/3/2/6/2/7/9/326279-lady-bird-0-230-0-345-crop.jpg?v=754ff28eb4,2024-12-26
Lady Bird,Greta Gerwig,Comedy,Drama,Saoirse Ronan,2017,3.8,Ë—ËË‹ suspirliam ËŠËŽË—,5.0,"""I wish that you liked me.""
""Of course I love you.""",https://a.ltrbxd.com/resized/film-poster/3/2/6/2/7/9/326279-lady-bird-0-230-0-345-crop.jpg?v=754ff28eb4,2024-12-26
Lady Bird,Greta Gerwig,Comedy,Drama,Saoirse Ronan,2017,3.8,sree,5.0,WELL I HOPE NOT CUZ I'D FUCKING KILL YOUR FAMILY,https://a.ltrbxd.com/resized/film-poster/3/2/6/2/7/9/326279-lady-bird-0-230-0-345-crop.jpg?v=754ff28eb4,2024-12-26
Dune: Part Two,Denis Villeneuve,Adventure,Science Fiction,TimothÃ©e Chalamet,2024,4.4,Bryan Espitia,4.5,Need a friend like Stilgar to hype me up all the time,https://a.ltrbxd.com/resized/film-poster/6/1/7/4/4/3/617443-dune-part-two-0-230-0-345-crop.jpg?v=cc533700f8,2024-12-27
The Wolf of Wall Street,Martin Scorsese,Comedy,Drama,Leonardo DiCaprio,2013,4.0,hunter strawberry,4.0,the most realistic thing about this movie is that leo dates a 22 year old,https://a.ltrbxd.com/resized/film-poster/8/6/1/1/4/86114-the-wolf-of-wall-street-0-230-0-345-crop.jpg?v=9fd1891260,2024-12-28
The Wolf of Wall Street,Martin Scorsese,Comedy,Drama,Leonardo DiCaprio,2013,4.0,Lucy,4.5,can you believe that leo won his first oscar for grunting when THIS performance exists,https://a.ltrbxd.com/resized/film-poster/8/6/1/1/4/86114-the-wolf-of-wall-street-0-230-0-345-crop.jpg?v=9fd1891260,2024-12-28
The Wolf of Wall Street,Martin Scorsese,Comedy,Drama,Leonardo DiCaprio,2013,4.0,BeefSquash,4.5,Uhhh... I didnâ€™t see any wolves.,https://a.ltrbxd.com/resized/film-poster/8/6/1/1/4/86114-the-wolf-of-wall-street-0-230-0-345-crop.jpg?v=9fd1891260,2024-12-28
Spirited Away,Hayao Miyazaki,Family,Fantasy,Rumi Hiiragi,2001,4.5,ðŸŒ» lindsay ðŸŒ»,4.5,I got lost in a department store when I was 5 and it felt a lot like this,https://a.ltrbxd.com/resized/film-poster/5/1/9/2/1/51921-spirited-away-0-230-0-345-crop.jpg?v=a3ad463c55,2024-12-29
Spirited Away,Hayao Miyazaki,Family,Fantasy,Rumi Hiiragi,2001,4.5,David Sims,5.0,"I mean, probably the best movie ever made?",https://a.ltrbxd.com/resized/film-poster/5/1/9/2/1/51921-spirited-away-0-230-0-345-crop.jpg?v=a3ad463c55,2024-12-29
The Grand Budapest Hotel,Wes Anderson,Drama,Comedy,Ralph Fiennes,2014,4.2,Houston Coley,5.0,"a movie about a girl, who reads a book about a man, who hears a story about a lobby boy, who meets a man who runs a hotel, a hotel for which the story, the book, and the movie are named for",https://a.ltrbxd.com/resized/film-poster/9/5/1/1/3/95113-the-grand-budapest-hotel-0-230-0-345-crop.jpg?v=6ac71cf4ba,2024-12-30
The Grand Budapest Hotel,Wes Anderson,Drama,Comedy,Ralph Fiennes,2014,4.2,Josh Lewis,4.0,Is it possible to frame an entire feature film and hang it on your wall? Have we discovered how to do this? Asking for a friend.,https://a.ltrbxd.com/resized/film-poster/9/5/1/1/3/95113-the-grand-budapest-hotel-0-230-0-345-crop.jpg?v=6ac71cf4ba,2024-12-30
The Grand Budapest Hotel,Wes Anderson,Drama,Comedy,Ralph Fiennes,2014,4.2,hollie amanda,5.0,sir thatâ€™s my emotional support lobby boy,https://a.ltrbxd.com/resized/film-poster/9/5/1/1/3/95113-the-grand-budapest-hotel-0-230-0-345-crop.jpg?v=6ac71cf4ba,2024-12-30
The Menu,Mark Mylod,Comedy,Thriller,Anya Taylor-Joy,2022,3.5,sophie,4.0,never thought i would leave a film being surprised that cannibalism wasn't involved,https://a.ltrbxd.com/resized/film-poster/5/2/1/3/2/3/521323-the-menu-0-230-0-345-crop.jpg?v=d00a0d03a8,2024-12-31
The Menu,Mark Mylod,Comedy,Thriller,Anya Taylor-Joy,2022,3.5,Brian,4.0,Ralph Fiennes served and Anya Taylor-Joy ate,https://a.ltrbxd.com/resized/film-poster/5/2/1/3/2/3/521323-the-menu-0-230-0-345-crop.jpg?v=d00a0d03a8,2024-12-31
The Shining,Stanley Kubrick,Horror,Thriller,Jack Nicholson,1980,4.2,pd187,0.0,why is the T so big,https://a.ltrbxd.com/resized/sm/upload/7s/m2/bw/d0/caoYMcjUamGoBVy65i1AHJBvdzw-0-230-0-345-crop.jpg?v=88d9d6cce4,2025-01-02
The Shining,Stanley Kubrick,Horror,Thriller,Jack Nicholson,1980,4.2,jamie!,3.5,"something in this movie: happens
some guy who just loves going absolutely crazy on the cello: that's my cue",https://a.ltrbxd.com/resized/sm/upload/7s/m2/bw/d0/caoYMcjUamGoBVy65i1AHJBvdzw-0-230-0-345-crop.jpg?v=88d9d6cce4,2025-01-02
Gone Girl,David Fincher,Drama,Thriller,Ben Affleck,2014,4.1,Wesley R. Ball,5.0,"Whenever I think about getting back together with my ex, I watch this film. Works like a charm every time.",https://a.ltrbxd.com/resized/film-poster/1/4/9/8/5/7/149857-gone-girl-0-230-0-345-crop.jpg?v=09a7c91f68,2025-01-03
Black Swan,Darren Aronofsky,Drama,Thriller,Natalie Portman,2010,4.2,rudi,5.0,"Natalie Portman just ran up to me, screamed â€œgay rights!â€ in my face then turned into a bird and flew away... Iâ€™m not kidding",https://a.ltrbxd.com/resized/sm/upload/yt/ae/iz/kj/bIjkE9Og0nulRycj144sCcQcsZ6-0-230-0-345-crop.jpg?v=a571e4c644,2025-01-04
Black Swan,Darren Aronofsky,Drama,Thriller,Natalie Portman,2010,4.2,hollie amanda,5.0,the feminine urge to go completely insane,https://a.ltrbxd.com/resized/sm/upload/yt/ae/iz/kj/bIjkE9Og0nulRycj144sCcQcsZ6-0-230-0-345-crop.jpg?v=a571e4c644,2025-01-04
Once Upon a Time... in Hollywood,Quentin Tarantino,Drama,Thriller,Leonardo DiCaprio,2019,3.8,Roberto_,5.0,"margot robbie: *smiles*
me: that was the best acting i've ever seen in my whole life",https://a.ltrbxd.com/resized/film-poster/3/9/7/8/5/9/397859-once-upon-a-time-in-hollywood-0-230-0-345-crop.jpg?v=f3e8612854,2025-01-05
Once Upon a Time... in Hollywood,Quentin Tarantino,Drama,Thriller,Leonardo DiCaprio,2019,3.8,cookie,2.0,this was edited like a family guy episode,https://a.ltrbxd.com/resized/film-poster/3/9/7/8/5/9/397859-once-upon-a-time-in-hollywood-0-230-0-345-crop.jpg?v=f3e8612854,2025-01-05
Once Upon a Time... in Hollywood,Quentin Tarantino,Drama,Thriller,Leonardo DiCaprio,2019,3.8,Patrick Willems,4.5,"It's disarming at first to watch a Tarantino movie that's not driven by a quest for revenge or a big score, that's just about some people living their lives. And once I settled into its groove, I never wanted to leave it behind.",https://a.ltrbxd.com/resized/film-poster/3/9/7/8/5/9/397859-once-upon-a-time-in-hollywood-0-230-0-345-crop.jpg?v=f3e8612854,2025-01-05
Little Women,Greta Gerwig,Romance,History,Saoirse Ronan,2019,4.2,sree,5.0,"laurie: we look like a couple
jo: a couple of besties <3",https://a.ltrbxd.com/resized/sm/upload/r4/np/q5/te/mSmiB8XjUnR1GSIljuCPGsk0cwX-0-230-0-345-crop.jpg?v=b3f603929c,2025-01-07
Little Women,Greta Gerwig,Romance,History,Saoirse Ronan,2019,4.2,James (Schaffrillas),4.5,Look all I know is if Timothee Chalamet asked me to marry him I would not fucking hesitate,https://a.ltrbxd.com/resized/sm/upload/r4/np/q5/te/mSmiB8XjUnR1GSIljuCPGsk0cwX-0-230-0-345-crop.jpg?v=b3f603929c,2025-01-07
Little Women,Greta Gerwig,Romance,History,Saoirse Ronan,2019,4.2,sophie,5.0,"greta gerwig: i will cast the march sisters perfectly and make them do intense research into their roles, they will embody their characters
also greta gerwig: fuck it, bob odenkirk as the dad",https://a.ltrbxd.com/resized/sm/upload/r4/np/q5/te/mSmiB8XjUnR1GSIljuCPGsk0cwX-0-230-0-345-crop.jpg?v=b3f603929c,2025-01-07
Inglourious Basterds,Quentin Tarantino,Drama,Thriller,Brad Pitt,2009,4.3,demi adejuyigbe,0.0,i would never invite hitler to my movie premiere. that guy is bad news,https://a.ltrbxd.com/resized/film-poster/4/1/3/5/2/41352-inglourious-basterds-0-230-0-345-crop.jpg?v=0c74c673e0,2025-01-08
Challengers,Luca Guadagnino,Drama,Romance,Zendaya,2024,3.9,patrick,4.5,may thy racket chip and shatter,https://a.ltrbxd.com/resized/film-poster/8/4/2/3/0/1/842301-challengers-0-230-0-345-crop.jpg?v=a7cd63cbef,2025-01-09
Challengers,Luca Guadagnino,Drama,Romance,Zendaya,2024,3.9,Bryan Espitia,4.5,"Everything is sex, except sex, which is tennis",https://a.ltrbxd.com/resized/film-poster/8/4/2/3/0/1/842301-challengers-0-230-0-345-crop.jpg?v=a7cd63cbef,2025-01-09
Challengers,Luca Guadagnino,Drama,Romance,Zendaya,2024,3.9,vasili,5.0,average day for wii sports players,https://a.ltrbxd.com/resized/film-poster/8/4/2/3/0/1/842301-challengers-0-230-0-345-crop.jpg?v=a7cd63cbef,2025-01-09
10 Things I Hate About You,Gil Junger,Comedy,Romance,Heath Ledger,1999,4.0,ciara,5.0,the moral of the story is that all men are evil except heath ledger and joseph gordon-levitt and honestly BIG MOOD!,https://a.ltrbxd.com/resized/sm/upload/hl/jj/br/9g/Kd5OkBc6GyUa1tIpxYUHLpyE2t-0-230-0-345-crop.jpg?v=a2db0a150a,2025-01-10
10 Things I Hate About You,Gil Junger,Comedy,Romance,Heath Ledger,1999,4.0,ciara,5.0,kat stratford is the most relatable character of all time because i too am disgusted by all men except 20 year old heath ledger ,https://a.ltrbxd.com/resized/sm/upload/hl/jj/br/9g/Kd5OkBc6GyUa1tIpxYUHLpyE2t-0-230-0-345-crop.jpg?v=a2db0a150a,2025-01-10
10 Things I Hate About You,Gil Junger,Comedy,Romance,Heath Ledger,1999,4.0,aliyah,5.0,"funny how shakespeareâ€™s been real quiet since joseph gordon-levitt said â€˜i burn, i pine, i perishâ€™",https://a.ltrbxd.com/resized/sm/upload/hl/jj/br/9g/Kd5OkBc6GyUa1tIpxYUHLpyE2t-0-230-0-345-crop.jpg?v=a2db0a150a,2025-01-10
Se7en,David Fincher,Crime,Mystery,Morgan Freeman,1995,4.3,Wes,4.5,"my mom said that this is the scariest film shes ever seen and she saw it while she was pregnant with me, and im 100% convinced she could have gone into stress-induced labor during the opening credits sequence so...thanks david fincher for coming for my life before i was even born",https://a.ltrbxd.com/resized/film-poster/5/1/3/4/5/51345-se7en-0-230-0-345-crop.jpg?v=76a14ef6b4,2025-01-11
The Silence of the Lambs,Jonathan Demme,Horror,Crime,Jodie Foster,1991,4.3,issy ðŸ¥,5.0,the scariest thing in this film is the close up shot of a nipple ring. god that goes through me. that is the peak of the horror genre,https://a.ltrbxd.com/resized/film-poster/5/1/7/8/2/51782-the-silence-of-the-lambs-0-230-0-345-crop.jpg?v=18d88bdff4,2025-01-12
The Silence of the Lambs,Jonathan Demme,Horror,Crime,Jodie Foster,1991,4.3,issy ðŸ¥,5.0,"Hannibal Lecter: I ate his liver, with some fava beans and a nice chianti.
Gordon Ramsay: Delicious, finally some good fucking food.",https://a.ltrbxd.com/resized/film-poster/5/1/7/8/2/51782-the-silence-of-the-lambs-0-230-0-345-crop.jpg?v=18d88bdff4,2025-01-12
Dead Poets Society,Peter Weir,Drama,,Robin Williams,1989,4.3,maria,4.5,i never thought i would be crying in the club over a bunch of rich look alike gay white boys but here we are,https://a.ltrbxd.com/resized/film-poster/5/1/8/4/6/51846-dead-poets-society-0-230-0-345-crop.jpg?v=9273e8acf7,2025-01-13
Dead Poets Society,Peter Weir,Drama,,Robin Williams,1989,4.3,sofiâœ¨,5.0,"the face neil makes after mr keating makes todd improvise that poem in class.... those were the most beautiful heart eyes iâ€™ve ever seen, that boy was in love",https://a.ltrbxd.com/resized/film-poster/5/1/8/4/6/51846-dead-poets-society-0-230-0-345-crop.jpg?v=9273e8acf7,2025-01-13
Kill Bill: Vol. 1,Quentin Tarantino,Crime,Action,Uma Thurman,2003,4.2,clementine,5.0,tarantinoâ€™s casting call for this like â€œbad bitches only ðŸ˜¡ðŸ§ðŸ»â€â™€ï¸ðŸš«â€,https://a.ltrbxd.com/resized/sm/upload/sw/w2/ep/v4/9O50TVszkz0dcP5g6Ej33UhR7vw-0-230-0-345-crop.jpg?v=5a65f5202f,2025-01-14
Kill Bill: Vol. 1,Quentin Tarantino,Crime,Action,Uma Thurman,2003,4.2,demi adejuyigbe,4.5,i think owning a giant yellow truck with the logo and license plate â€œPUSSY WAGONâ€ should be grounds for instant dismissal from your job at the hospital but that is simply not the reality of george bushâ€™s america. whatâ€™s the least h*rny way to say i want lucy liu to yell at me so bad,https://a.ltrbxd.com/resized/sm/upload/sw/w2/ep/v4/9O50TVszkz0dcP5g6Ej33UhR7vw-0-230-0-345-crop.jpg?v=5a65f5202f,2025-01-14
Kill Bill: Vol. 1,Quentin Tarantino,Crime,Action,Uma Thurman,2003,4.2,Lucy,5.0,every single time i watch this i want to buy a pussy wagon keychain so badly but i just can't. i can't do it,https://a.ltrbxd.com/resized/sm/upload/sw/w2/ep/v4/9O50TVszkz0dcP5g6Ej33UhR7vw-0-230-0-345-crop.jpg?v=5a65f5202f,2025-01-14
The Godfather,Francis Ford Coppola,Crime,Drama,Marlon Brando,1972,4.5,Hannah,0.0,haha they made that scene from zootopia into a movie,https://a.ltrbxd.com/resized/film-poster/5/1/8/1/8/51818-the-godfather-0-230-0-345-crop.jpg?v=bca8b67402,2025-01-15
The Godfather,Francis Ford Coppola,Crime,Drama,Marlon Brando,1972,4.5,Tentin Quarantino â˜­,5.0,I don't trust anyone who dislikes this movie.,https://a.ltrbxd.com/resized/film-poster/5/1/8/1/8/51818-the-godfather-0-230-0-345-crop.jpg?v=bca8b67402,2025-01-15
Avengers: Infinity War,Joe Russo,Action,Science Fiction,Robert Downey Jr.,2018,4.0,Hannah,3.0,peter parker would have a bomb-ass letterboxd account,https://a.ltrbxd.com/resized/film-poster/2/2/6/6/6/1/226661-avengers-infinity-war-0-230-0-345-crop.jpg?v=8b35f60c0c,2025-01-16
Shutter Island,Martin Scorsese,Mystery,Drama,Leonardo DiCaprio,2010,4.1,shannon,4.0,I really relate to Leo in this because I also don't trust anyone that isn't Mark Ruffalo,https://a.ltrbxd.com/resized/film-poster/4/5/4/0/9/45409-shutter-island-0-230-0-345-crop.jpg?v=85dd4c38e3,2025-01-17
Shutter Island,Martin Scorsese,Mystery,Drama,Leonardo DiCaprio,2010,4.1,adambolt,4.5,somebody clearly had a favorite child,https://a.ltrbxd.com/resized/film-poster/4/5/4/0/9/45409-shutter-island-0-230-0-345-crop.jpg?v=85dd4c38e3,2025-01-17
Call Me by Your Name,Luca Guadagnino,Romance,Drama,Armie Hammer,2017,3.9,#1 gizmo fan,5.0,"â€œI remember everything.â€
I remember everything. I couldnâ€™t put this film into words if I tried. I couldnâ€™t ever review this, or even explain how personal this felt to me. Every kiss, every movement, every laugh, every dance, every look, goodbye, embrace. If I could, I couldnâ€™t even begin. 
â€œI remember everything.â€",https://a.ltrbxd.com/resized/sm/upload/g9/9t/cc/7u/tcNniniS4rfqrLH0oORikJfnIwY-0-230-0-345-crop.jpg?v=f0c073f2b4,2025-01-18
Call Me by Your Name,Luca Guadagnino,Romance,Drama,Armie Hammer,2017,3.9,Ellie âœ¨,5.0,imagine losing your virginity and you're wearing double denim,https://a.ltrbxd.com/resized/sm/upload/g9/9t/cc/7u/tcNniniS4rfqrLH0oORikJfnIwY-0-230-0-345-crop.jpg?v=f0c073f2b4,2025-01-18
Baby Driver,Edgar Wright,Crime,Action,Ansel Elgort,2017,3.7,olivia ðŸ§¸ðŸŠ,5.0,The fault in our cars,https://a.ltrbxd.com/resized/film-poster/2/6/8/9/5/0/268950-baby-driver-0-230-0-345-crop.jpg?v=61304ddfc8,2025-01-19
Ratatouille,Brad Bird,Animation,Family,Patton Oswalt,2007,4.2,Sarah,4.5,who the fuck kills rats with a gun,https://a.ltrbxd.com/resized/sm/upload/n8/rl/pc/se/jEiEU8viSb8CIIHcfprVr2V6XDz-0-230-0-345-crop.jpg?v=25e13045f0,2025-01-20
Ratatouille,Brad Bird,Animation,Family,Patton Oswalt,2007,4.2,ciara,5.0,"gusteau: anyone can cook!
me, putting my third mac n cheese ready meal of the day in the microwave: shit bro... ur fuckin right man",https://a.ltrbxd.com/resized/sm/upload/n8/rl/pc/se/jEiEU8viSb8CIIHcfprVr2V6XDz-0-230-0-345-crop.jpg?v=25e13045f0,2025-01-20
Django Unchained,Quentin Tarantino,Drama,Western,Jamie Foxx,2012,4.3,Jay,5.0,me when christoph waltz smoothly talks his way out of death threatening situations: thats my aesthetic that is what i want to achieve,https://a.ltrbxd.com/resized/film-poster/5/2/5/1/6/52516-django-unchained-0-230-0-345-crop.jpg?v=f02aed63a3,2025-01-21
Django Unchained,Quentin Tarantino,Drama,Western,Jamie Foxx,2012,4.3,Jay,5.0,the story of broomhilda that christoph waltz tells to django is literally shrek,https://a.ltrbxd.com/resized/film-poster/5/2/5/1/6/52516-django-unchained-0-230-0-345-crop.jpg?v=f02aed63a3,2025-01-21
Django Unchained,Quentin Tarantino,Drama,Western,Jamie Foxx,2012,4.3,sophie,4.5,"django: unchained
bounty: hunted
christoph: waltzed
yee: haw",https://a.ltrbxd.com/resized/film-poster/5/2/5/1/6/52516-django-unchained-0-230-0-345-crop.jpg?v=f02aed63a3,2025-01-21
Avengers: Endgame,Anthony Russo,Science Fiction,Action,Robert Downey Jr.,2019,3.9,davidehrlich,4.0,"INFINITY WAR: unwatchable space trash. one of the worst movies in the MCU.
ENDGAME: a genuinely touching (and cleverly self-reflexive) mega-spectacle about how it feels to fail the people you love. one of the best movies in the MCU.
i donâ€™t make the rules!
glad that the entire genre of superhero movies could end on a high note.
(longer, spoilery thoughts to come on friday)",https://a.ltrbxd.com/resized/film-poster/2/2/6/6/6/0/226660-avengers-endgame-0-230-0-345-crop.jpg?v=250ab286a3,2025-01-22
Hereditary,Ari Aster,Thriller,Horror,Toni Collette,2018,4.0,beck,4.0,if anyone ever clicks their tongue around me again iâ€™m calling the police,https://a.ltrbxd.com/resized/film-poster/4/2/4/3/4/8/424348-hereditary-0-230-0-345-crop.jpg?v=470e48b681,2025-01-23
Hereditary,Ari Aster,Thriller,Horror,Toni Collette,2018,4.0,Mari,4.5,my friend's mom: none of this would have happened if the son hadn't smoked weed,https://a.ltrbxd.com/resized/film-poster/4/2/4/3/4/8/424348-hereditary-0-230-0-345-crop.jpg?v=470e48b681,2025-01-23
Fantastic Mr. Fox,Wes Anderson,Family,Adventure,George Clooney,2009,4.3,andreaðŸŒ¹,4.5,how does steven soderbergh sleep at night knowing the best movie in the ocean's trilogy is a stop-motion puppet animation directed by wes anderson,https://a.ltrbxd.com/resized/film-poster/4/6/3/4/4/46344-fantastic-mr-fox-0-230-0-345-crop.jpg?v=3a2a858065,2025-01-24
Fantastic Mr. Fox,Wes Anderson,Family,Adventure,George Clooney,2009,4.3,Ë—ËË‹ suspirliam ËŠËŽË—,5.0,willem dafoe as willem da rat,https://a.ltrbxd.com/resized/film-poster/4/6/3/4/4/46344-fantastic-mr-fox-0-230-0-345-crop.jpg?v=3a2a858065,2025-01-24
Glass Onion,Rian Johnson,Comedy,Crime,Daniel Craig,2022,3.4,Jay,3.5,the biggest mystery to hit the greek islands since sophie sheridan invited her three potential fathers to her wedding,https://a.ltrbxd.com/resized/film-poster/5/8/6/7/2/3/586723-glass-onion-a-knives-out-mystery-0-230-0-345-crop.jpg?v=33896b35cf,2025-01-25
Glass Onion,Rian Johnson,Comedy,Crime,Daniel Craig,2022,3.4,Patrick Willems,4.0,A full two hours and twenty minutes of me throwing back my head cackling and clapping my hands with delight,https://a.ltrbxd.com/resized/film-poster/5/8/6/7/2/3/586723-glass-onion-a-knives-out-mystery-0-230-0-345-crop.jpg?v=33896b35cf,2025-01-25
Her,Spike Jonze,Science Fiction,Drama,Joaquin Phoenix,2013,4.0,Jay,4.0,the bible says adam and eve not florence and the machine,https://a.ltrbxd.com/resized/sm/upload/au/nb/i6/lq/fsoTLnUXEUTNuVCBxAJMY0HPPd-0-230-0-345-crop.jpg?v=16789732be,2025-01-26
Her,Spike Jonze,Science Fiction,Drama,Joaquin Phoenix,2013,4.0,premoh,0.0,what zero pussy does to a mf,https://a.ltrbxd.com/resized/sm/upload/au/nb/i6/lq/fsoTLnUXEUTNuVCBxAJMY0HPPd-0-230-0-345-crop.jpg?v=16789732be,2025-01-26
Her,Spike Jonze,Science Fiction,Drama,Joaquin Phoenix,2013,4.0,willa,4.5,if the future isn't this aesthetically pleasing we've failed as a human race,https://a.ltrbxd.com/resized/sm/upload/au/nb/i6/lq/fsoTLnUXEUTNuVCBxAJMY0HPPd-0-230-0-345-crop.jpg?v=16789732be,2025-01-26
The Social Network,David Fincher,Drama,,Jesse Eisenberg,2010,3.9,Lucy,5.0,"rooney mara absentmindedly adding ""good luck with your... video game"" after verbally ripping his ass to shreds in front of an entire restaurant is EASILY one of the best lines of dialogue in the last decade of cinema",https://a.ltrbxd.com/resized/sm/upload/nw/cm/pa/ai/sGQv3ZMZBDBnl3z42Q0mEQ5uiDe-0-230-0-345-crop.jpg?v=54ee59f7cd,2025-01-27
The Social Network,David Fincher,Drama,,Jesse Eisenberg,2010,3.9,Wes,5.0,david fincher i DEMAND to know what you did with the second armie hammer,https://a.ltrbxd.com/resized/sm/upload/nw/cm/pa/ai/sGQv3ZMZBDBnl3z42Q0mEQ5uiDe-0-230-0-345-crop.jpg?v=54ee59f7cd,2025-01-27
The Matrix,Lana Wachowski,Science Fiction,Action,Keanu Reeves,1999,4.2,Karsten,5.0,i can also do a backflip,https://a.ltrbxd.com/resized/film-poster/5/1/5/1/8/51518-the-matrix-0-230-0-345-crop.jpg?v=fc7c366afe,2025-01-28
Scott Pilgrim vs. the World,Edgar Wright,Comedy,Romance,Michael Cera,2010,3.9,#1 gizmo fan,5.0,"I relate to Scott Pilgrim because I'm 
1. actually the worst
2. not good with relationships
3. a total asshole
4. afraid of confrontation 
5. not worthy of the people in my life
6. cute kinda ugly
7. surprisingly good at kicking ass",https://a.ltrbxd.com/resized/sm/upload/vs/75/02/fx/2B5zjs5E3xerqAyowpw3QcOCyLq-0-230-0-345-crop.jpg?v=3aef2095df,2025-01-29
Scott Pilgrim vs. the World,Edgar Wright,Comedy,Romance,Michael Cera,2010,3.9,ciara,5.0,me during every scene that doesn't have wallace in it: hmmmm... needs more wallace,https://a.ltrbxd.com/resized/sm/upload/vs/75/02/fx/2B5zjs5E3xerqAyowpw3QcOCyLq-0-230-0-345-crop.jpg?v=3aef2095df,2025-01-29
Scott Pilgrim vs. the World,Edgar Wright,Comedy,Romance,Michael Cera,2010,3.9,Houston Coley,5.0,"YOU ONCE WERE A VE-GON
BUT NOW YOU WILL BE-GONE",https://a.ltrbxd.com/resized/sm/upload/vs/75/02/fx/2B5zjs5E3xerqAyowpw3QcOCyLq-0-230-0-345-crop.jpg?v=3aef2095df,2025-01-29
The Substance,Coralie Fargeat,Horror,Drama,Demi Moore,2024,3.9,jarod,4.0,mama a girl inside you,https://a.ltrbxd.com/resized/film-poster/8/3/8/1/4/0/838140-the-substance-0-230-0-345-crop.jpg?v=ab9e1072f8,2025-01-30
The Substance,Coralie Fargeat,Horror,Drama,Demi Moore,2024,3.9,vasili,4.5,very mindful very demi moore,https://a.ltrbxd.com/resized/film-poster/8/3/8/1/4/0/838140-the-substance-0-230-0-345-crop.jpg?v=ab9e1072f8,2025-01-30
Inside Out 2,Kelsey Mann,Comedy,Drama,Amy Poehler,2024,3.6,KaoPun,4.0,Where's Horny??????,https://a.ltrbxd.com/resized/film-poster/9/2/1/5/7/8/921578-inside-out-2-0-230-0-345-crop.jpg?v=efa25e5cca,2025-01-31
Inside Out 2,Kelsey Mann,Comedy,Drama,Amy Poehler,2024,3.6,isobel,4.5,rileyâ€™s deep dark secret is that sheâ€™s gay,https://a.ltrbxd.com/resized/film-poster/9/2/1/5/7/8/921578-inside-out-2-0-230-0-345-crop.jpg?v=efa25e5cca,2025-01-31
Inside Out 2,Kelsey Mann,Comedy,Drama,Amy Poehler,2024,3.6,z0s1a44,4.0,can someone pls take that orange bitch out of my head,https://a.ltrbxd.com/resized/film-poster/9/2/1/5/7/8/921578-inside-out-2-0-230-0-345-crop.jpg?v=efa25e5cca,2025-01-31
The Perks of Being a Wallflower,Stephen Chbosky,Drama,,Logan Lerman,2012,3.9,siobhan,4.0,if paul rudd was my english teacher he would be the only friend i need in high school tbh,https://a.ltrbxd.com/resized/sm/upload/zz/o0/mz/sv/fyYncUQh5gUTvxmQ4bigm2DVCv7-0-230-0-345-crop.jpg?v=1188bcf4af,2025-02-01
The Perks of Being a Wallflower,Stephen Chbosky,Drama,,Logan Lerman,2012,3.9,Mario ðŸŽƒ,4.0,"The world needs more Ezra Miller.
Edit: I'm sorry.",https://a.ltrbxd.com/resized/sm/upload/zz/o0/mz/sv/fyYncUQh5gUTvxmQ4bigm2DVCv7-0-230-0-345-crop.jpg?v=1188bcf4af,2025-02-01
Nope,Jordan Peele,Mystery,Science Fiction,Daniel Kaluuya,2022,3.7,James (Schaffrillas),4.0,Um if it's so hard to get footage of this thing then how did the cameraman of the movie get footage of it so often ðŸ¤”ðŸ¤”ðŸ¤”,https://a.ltrbxd.com/resized/film-poster/6/8/2/5/4/7/682547-nope-0-230-0-345-crop.jpg?v=d6a6158cc3,2025-02-02
Deadpool & Wolverine,Shawn Levy,Science Fiction,Action,Ryan Reynolds,2024,3.5,scarlet,4.0,only four stars because they didnâ€™t have hot sweaty gay sexðŸ˜ª,https://a.ltrbxd.com/resized/film-poster/4/6/2/8/7/0/462870-deadpool-wolverine-0-230-0-345-crop.jpg?v=1aa778d2c6,2025-02-03
Deadpool & Wolverine,Shawn Levy,Science Fiction,Action,Ryan Reynolds,2024,3.5,timtamtitus,4.5,this might be the greatest rom-com ever made,https://a.ltrbxd.com/resized/film-poster/4/6/2/8/7/0/462870-deadpool-wolverine-0-230-0-345-crop.jpg?v=1aa778d2c6,2025-02-03
Deadpool & Wolverine,Shawn Levy,Science Fiction,Action,Ryan Reynolds,2024,3.5,ConnorEatsPants,3.0,"guy sitting next to me in a deadpool graphic tee dropped his soda on the couple in front of us, apologized, left and never returned to the theater. Was arguably funnier than the movie.",https://a.ltrbxd.com/resized/film-poster/4/6/2/8/7/0/462870-deadpool-wolverine-0-230-0-345-crop.jpg?v=1aa778d2c6,2025-02-03
Taxi Driver,Martin Scorsese,Drama,Crime,Robert De Niro,1976,4.2,Muriel,5.0,when he takes you to a porno movie ðŸ˜,https://a.ltrbxd.com/resized/film-poster/5/1/9/4/7/51947-taxi-driver-0-230-0-345-crop.jpg?v=3ae07cca2d,2025-02-04
Inside Out,Pete Docter,Comedy,Family,Amy Poehler,2015,3.8,Ellie âœ¨,4.5,it's unfortunate that i'm 19 now and still have a tragic vampire romance island,https://a.ltrbxd.com/resized/film-poster/1/1/3/2/8/4/113284-inside-out-0-230-0-345-crop.jpg?v=de03b9b6ef,2025-02-05
Inside Out,Pete Docter,Comedy,Family,Amy Poehler,2015,3.8,alor,4.0,"""take her to the moon for me, okay?"" yâ€™all ever just cry.. uncontrollably?",https://a.ltrbxd.com/resized/film-poster/1/1/3/2/8/4/113284-inside-out-0-230-0-345-crop.jpg?v=de03b9b6ef,2025-02-05
Inside Out,Pete Docter,Comedy,Family,Amy Poehler,2015,3.8,cerys,4.5,a24 island incoming,https://a.ltrbxd.com/resized/film-poster/1/1/3/2/8/4/113284-inside-out-0-230-0-345-crop.jpg?v=de03b9b6ef,2025-02-05
(500) Days of Summer,Marc Webb,Romance,Comedy,Joseph Gordon-Levitt,2009,3.7,samantha,4.0,"ROSES ARE RED
VIOLETS ARE BLUE
FUCK YOU WHORE",https://a.ltrbxd.com/resized/film-poster/3/9/3/5/0/39350--500-days-of-summer-0-230-0-345-crop.jpg?v=05995ae0b3,2025-02-06
(500) Days of Summer,Marc Webb,Romance,Comedy,Joseph Gordon-Levitt,2009,3.7,Frandi Peralta,5.0,"The expectations vs. reality scene is one of the most depressing scenes I've ever seen. I always create expectations in my head, but I always end up heartbroken and angry when the reality is different. The first time I watch this film, the expectations vs reality scene made me so sad, cause I know how that feels like.",https://a.ltrbxd.com/resized/film-poster/3/9/3/5/0/39350--500-days-of-summer-0-230-0-345-crop.jpg?v=05995ae0b3,2025-02-06
(500) Days of Summer,Marc Webb,Romance,Comedy,Joseph Gordon-Levitt,2009,3.7,ksenija,3.5,"1. manic pixie dream girls are not real
2. if a cute girl likes the same shit you do, it doesn't mean she's the one
3. loving someone just because they fill the image of the ""ideal"" girl you have in your head is not love at all, its just a very selfish infatuation where you are loving the idea of a perfect girl, not the imperfect, real girl
4. loneliness is underrated",https://a.ltrbxd.com/resized/film-poster/3/9/3/5/0/39350--500-days-of-summer-0-230-0-345-crop.jpg?v=05995ae0b3,2025-02-06
Good Will Hunting,Gus Van Sant,Drama,,Matt Damon,1997,4.3,ciara,5.0,will never be able to wrap my head around the fact that matt damon and ben affleck wrote this screenplay they literally look like they have one brain cell between the two of them,https://a.ltrbxd.com/resized/film-poster/5/1/6/2/1/51621-good-will-hunting-0-230-0-345-crop.jpg?v=acb4766abd,2025-02-07
Good Will Hunting,Gus Van Sant,Drama,,Matt Damon,1997,4.3,Issac,5.0,"Robin Williams: its not your-
Me: *cries uncontrollably*",https://a.ltrbxd.com/resized/film-poster/5/1/6/2/1/51621-good-will-hunting-0-230-0-345-crop.jpg?v=acb4766abd,2025-02-07
Good Will Hunting,Gus Van Sant,Drama,,Matt Damon,1997,4.3,alan,4.0,robin williams guiding white boys is my new favorite cinematic universe,https://a.ltrbxd.com/resized/film-poster/5/1/6/2/1/51621-good-will-hunting-0-230-0-345-crop.jpg?v=acb4766abd,2025-02-07
The Lord of the Rings: The Fellowship of the Ring,Peter Jackson,Fantasy,Adventure,Elijah Wood,2001,4.4,fran hoepfner,5.0,I ðŸ˜­ would ðŸ˜­ have ðŸ˜­ followed ðŸ˜­ you ðŸ˜­ my ðŸ˜­ brother ðŸ˜­ my ðŸ˜­ captain ðŸ˜­ my ðŸ˜­ king ðŸ˜­,https://a.ltrbxd.com/resized/sm/upload/3t/vq/0u/m6/1tX9ZlgVvWjAQhMs1vAfsYpi7VK-0-230-0-345-crop.jpg?v=30bbb824e1,2025-02-08
The Lord of the Rings: The Fellowship of the Ring,Peter Jackson,Fantasy,Adventure,Elijah Wood,2001,4.4,sophie,4.5,"anyone: *says anything remotely bad about aragorn*
legolas: *KILL BILL SIRENS* are you the rightful heir of isildur? didnâ€™t think so! check yourself bitch",https://a.ltrbxd.com/resized/sm/upload/3t/vq/0u/m6/1tX9ZlgVvWjAQhMs1vAfsYpi7VK-0-230-0-345-crop.jpg?v=30bbb824e1,2025-02-08
The Lord of the Rings: The Fellowship of the Ring,Peter Jackson,Fantasy,Adventure,Elijah Wood,2001,4.4,Lucy,4.5,"what's better than this, guys bein dudes",https://a.ltrbxd.com/resized/sm/upload/3t/vq/0u/m6/1tX9ZlgVvWjAQhMs1vAfsYpi7VK-0-230-0-345-crop.jpg?v=30bbb824e1,2025-02-08
The Shawshank Redemption,Frank Darabont,Crime,Drama,Tim Robbins,1994,4.6,Peaceful Stoner,5.0,"If you ever feel down,
If you ever feel like giving up,
If you ever feel like nothing is gonna workout,
If you ever feel hopeless,
If you ever feel like dying,



Watch this film. It is a miraculous medicine. It is a wonderful movie.",https://a.ltrbxd.com/resized/sm/upload/7l/hn/46/uz/zGINvGjdlO6TJRu9wESQvWlOKVT-0-230-0-345-crop.jpg?v=8736d1c395,2025-02-09
The Shawshank Redemption,Frank Darabont,Crime,Drama,Tim Robbins,1994,4.6,Houston Coley,5.0,"You can â€œfilm studentâ€ me all you want, but Iâ€™d seriously question the sanity of anyone who doesnâ€™t think this is an excellent movie.",https://a.ltrbxd.com/resized/sm/upload/7l/hn/46/uz/zGINvGjdlO6TJRu9wESQvWlOKVT-0-230-0-345-crop.jpg?v=8736d1c395,2025-02-09
Guardians of the Galaxy,James Gunn,Adventure,Action,Chris Pratt,2014,3.8,Patrick Willems,4.0,Look I've been rewatching the whole MCU and the upgrade in style and personality with this movie is unreal.,https://a.ltrbxd.com/resized/film-poster/9/3/6/7/6/93676-guardians-of-the-galaxy-0-230-0-345-crop.jpg?v=3cc8cb967f,2025-02-10
Guardians of the Galaxy,James Gunn,Adventure,Action,Chris Pratt,2014,3.8,James (Schaffrillas),4.0,Amazing looking water in this movie,https://a.ltrbxd.com/resized/film-poster/9/3/6/7/6/93676-guardians-of-the-galaxy-0-230-0-345-crop.jpg?v=3cc8cb967f,2025-02-10
Guardians of the Galaxy,James Gunn,Adventure,Action,Chris Pratt,2014,3.8,sree,4.0,ah this takes me back to when i still liked chris pratt,https://a.ltrbxd.com/resized/film-poster/9/3/6/7/6/93676-guardians-of-the-galaxy-0-230-0-345-crop.jpg?v=3cc8cb967f,2025-02-10
Blade Runner 2049,Denis Villeneuve,Science Fiction,Drama,Ryan Gosling,2017,4.1,demi adejuyigbe,4.5,No greater example of the Monkeyâ€™s Paw than â€œand Jared Letoâ€ rolling on the credits of this bad boy. You know he shot his two scenes on his own? Just set up a Sony Handicam in his pool room and improvised. Emailed two .WMV files to Villeneuve like â€œlemme know if this works.â€ Script wasnâ€™t even written yet. That guyâ€™s twisted.,https://a.ltrbxd.com/resized/film-poster/2/6/5/4/3/9/265439-blade-runner-2049-0-230-0-345-crop.jpg?v=86735e0bb8,2025-02-11
Blade Runner 2049,Denis Villeneuve,Science Fiction,Drama,Ryan Gosling,2017,4.1,Lucy,4.5,i would love to make jokes right now but this is truly... a tremendous piece of art. i'm speechless,https://a.ltrbxd.com/resized/film-poster/2/6/5/4/3/9/265439-blade-runner-2049-0-230-0-345-crop.jpg?v=86735e0bb8,2025-02-11
Blade Runner 2049,Denis Villeneuve,Science Fiction,Drama,Ryan Gosling,2017,4.1,regina,5.0,i'm pregnant and the father is roger deakins' camera,https://a.ltrbxd.com/resized/film-poster/2/6/5/4/3/9/265439-blade-runner-2049-0-230-0-345-crop.jpg?v=86735e0bb8,2025-02-11
